month,year,icp_price,wti_price,wti_lag_1,wti_rolling_mean_3,lag_1,lag_3,lag_6,rolling_mean_3
7,2019,61.32,57.36,54.66,59.78333333333333,61.0,68.31,56.55,65.79333333333334
8,2019,57.27,54.81,57.36,57.61666666666667,61.32,68.07,61.31,63.46333333333334
9,2019,60.84,56.95,54.81,55.60999999999999,57.27,61.0,63.6,59.863333333333344
10,2019,59.82,53.96,56.95,56.373333333333335,60.84,61.32,68.31,59.81
11,2019,63.26,57.05,53.96,55.24,59.82,57.27,68.07,59.31000000000001
12,2019,67.18,59.82,57.05,55.98666666666667,63.26,60.84,61.0,61.30666666666667
1,2020,65.38,57.52,59.82,56.94333333333333,67.18,59.82,61.32,63.42000000000001
2,2020,56.61,50.54,57.52,58.129999999999995,65.38,63.26,57.27,65.27333333333334
3,2020,34.23,29.21,50.54,55.96,56.61,67.18,60.84,63.05666666666667
4,2020,20.66,16.55,29.21,45.75666666666667,34.23,65.38,59.82,52.07333333333333
5,2020,25.67,28.56,16.55,32.1,20.66,56.61,63.26,37.16666666666667
6,2020,36.68,38.31,28.56,24.77333333333333,25.67,34.23,67.18,26.85333333333334
7,2020,40.64,40.71,38.31,27.80666666666667,36.68,20.66,65.38,27.670000000000005
8,2020,41.63,42.34,40.71,35.86000000000001,40.64,25.67,56.61,34.330000000000005
9,2020,37.43,39.63,42.34,40.45333333333334,41.63,36.68,34.23,39.650000000000006
11,2020,40.67,40.94,39.63,40.89333333333334,37.43,40.64,20.66,39.900000000000006
12,2020,47.78,47.02,40.94,40.97,40.67,41.63,25.67,39.910000000000004
1,2021,53.17,52.01,47.02,42.53,47.78,37.43,36.68,41.96000000000001
2,2021,60.36,59.05,52.01,46.656666666666666,53.17,40.67,40.64,47.20666666666667
3,2021,63.5,62.33,59.05,52.69333333333333,60.36,47.78,41.63,53.77
4,2021,61.96,61.72,62.33,57.79666666666666,63.5,53.17,37.43,59.01
5,2021,65.49,65.17,61.72,61.03333333333333,61.96,60.36,40.67,61.94
6,2021,70.23,71.38,65.17,63.07333333333333,65.49,63.5,47.78,63.65
7,2021,72.17,72.49,71.38,66.08999999999999,70.23,61.96,53.17,65.89333333333333
8,2021,67.8,67.73,72.49,69.67999999999999,72.17,65.49,60.36,69.29666666666667
9,2021,72.2,71.65,67.73,70.53333333333335,67.8,70.23,63.5,70.06666666666668
10,2021,76.16,81.48,71.65,70.62333333333333,72.2,72.17,61.96,70.72333333333334
11,2021,80.13,79.15,81.48,73.62,76.16,67.8,65.49,72.05333333333334
12,2021,73.36,71.71,79.15,77.42666666666666,80.13,72.2,70.23,76.16333333333334
1,2022,84.54,83.22,71.71,77.44666666666666,73.36,76.16,72.17,76.55
2,2022,95.72,91.64,83.22,78.02666666666666,84.54,80.13,67.8,79.34333333333335
3,2022,99.12,108.5,91.64,82.19,95.72,73.36,72.2,84.54
4,2022,102.51,101.78,108.5,94.45333333333333,99.12,84.54,76.16,93.12666666666667
5,2022,109.61,109.55,101.78,100.63999999999999,102.51,95.72,80.13,99.11666666666667
6,2022,117.62,114.84,109.55,106.61,109.61,99.12,73.36,103.74666666666667
7,2022,106.73,101.62,114.84,108.72333333333334,117.62,102.51,84.54,109.91333333333334
8,2022,94.17,93.67,101.62,108.67,106.73,109.61,95.72,111.32000000000001
9,2022,86.07,84.26,93.67,103.37666666666667,94.17,117.62,99.12,106.17333333333335
10,2022,89.1,87.55,84.26,93.18333333333334,86.07,106.73,102.51,95.65666666666668
11,2022,87.5,84.37,87.55,88.49333333333334,89.1,94.17,109.61,89.77999999999999
12,2022,76.66,76.44,84.37,85.39333333333333,87.5,86.07,117.62,87.55666666666667
1,2023,78.54,78.12,76.44,82.78666666666668,76.66,89.1,106.73,84.42
2,2023,79.48,76.83,78.12,79.64333333333333,78.54,87.5,94.17,80.9
3,2023,74.59,73.28,76.83,77.13,79.48,76.66,86.07,78.22666666666667
4,2023,79.34,79.45,73.28,76.07666666666667,74.59,78.54,89.1,77.53666666666668
7,2023,80.96,76.07,79.45,76.52,79.34,79.48,87.5,77.80333333333334
8,2023,82.59,81.39,76.07,76.26666666666667,80.96,74.59,76.66,78.29666666666667
9,2023,90.17,89.42,81.39,78.96999999999998,82.59,79.34,78.54,80.96333333333334
10,2023,86.72,85.64,89.42,82.29333333333334,90.17,80.96,79.48,84.57333333333334
11,2023,79.63,77.68,85.64,85.48333333333333,86.72,82.59,74.59,86.49333333333334
12,2023,75.51,71.9,77.68,84.24666666666667,79.63,90.17,79.34,85.50666666666666
1,2024,77.12,74.15,71.9,78.40666666666668,75.51,86.72,80.96,80.62
2,2024,80.09,77.25,74.15,74.57666666666667,77.12,79.63,82.59,77.42
3,2024,83.78,81.28,77.25,74.43333333333334,80.09,75.51,90.17,77.57333333333334
4,2024,87.61,85.35,81.28,77.56,83.78,77.12,86.72,80.33000000000001
5,2024,79.78,80.02,85.35,81.29333333333334,87.61,80.09,79.63,83.82666666666667
6,2024,79.31,79.77,80.02,82.21666666666667,79.78,83.78,75.51,83.72333333333334
12,2024,71.61,70.12,79.77,81.71333333333332,79.31,87.61,77.12,82.23333333333333
1,2025,76.81,75.74,70.12,76.63666666666666,71.61,79.78,80.09,76.9
2,2025,74.29,71.53,75.74,75.21,76.81,79.31,83.78,75.91000000000001
3,2025,71.11,68.24,71.53,72.46333333333334,74.29,71.61,87.61,74.23666666666668
4,2025,65.29,63.54,68.24,71.83666666666666,71.11,76.81,79.78,74.07000000000001
5,2025,62.75,62.17,63.54,67.77,65.29,74.29,79.31,70.23000000000002
6,2025,69.33,68.17,62.17,64.64999999999999,62.75,71.11,71.61,66.38333333333334
7,2025,68.59,68.39,68.17,64.62666666666667,69.33,65.29,76.81,65.79
8,2025,66.07,64.86,68.39,66.24333333333334,68.59,62.75,74.29,66.89
9,2025,66.81,63.96,64.86,67.14,66.07,69.33,71.11,67.99666666666667
10,2025,63.62,60.89,63.96,65.73666666666666,66.81,68.59,65.29,67.15666666666668
11,2025,62.83,60.06,60.89,63.23666666666667,63.62,66.07,62.75,65.5
12,2025,61.1,57.97,60.06,61.63666666666668,62.83,66.81,69.33,64.42
1,2026,64.41,60.04,57.97,59.64000000000001,61.1,63.62,68.59,62.51666666666667
2,2026,68.79,64.51,60.04,59.356666666666676,64.41,62.83,66.07,62.78
3,2026,102.26,91.38,64.51,60.84000000000001,68.79,61.1,66.81,64.76666666666667
